﻿"cr26a_goedkeurder","cr26a_goedkeurder_onkostendeclaratieid","statuscode","statecode","utcconversiontimezonecode","versionnumber","timezoneruleversionnumber","importsequencenumber","owningbusinessunit"
"Select Manager","af2ab72f-1faf-f011-bbd2-000d3ab8ad22","1","0","","12695383","","","983e99b8-a578-ed11-81ad-000d3adf7250"
"Manager D","87213aa1-9306-48a4-8daf-1c1974646fcf","1","0","","12691876","","","983e99b8-a578-ed11-81ad-000d3adf7250"
"Manager C","f4cf6c4f-30f3-4a0f-864a-5cc704d32662","1","0","","12691875","","","983e99b8-a578-ed11-81ad-000d3adf7250"
"Manager B","e427a22d-e38e-4bdb-af55-25e6ffbe3751","1","0","","12691874","","","983e99b8-a578-ed11-81ad-000d3adf7250"
"Manager A","7a43e500-cbae-42c2-9dc2-1d1f06112406","1","0","","12691873","","","983e99b8-a578-ed11-81ad-000d3adf7250"
