﻿"statuscode","statecode","cr26a_status_en","cr26a_status_nl","cr26a_status_onkostendeclaratieid","utcconversiontimezonecode","versionnumber","timezoneruleversionnumber","importsequencenumber","owningbusinessunit"
"1","0","Select Status","Select Status","4bf4bc41-1faf-f011-bbd2-000d3ab8ad22","","12695387","","","983e99b8-a578-ed11-81ad-000d3adf7250"
"1","0","Paid","Vergoed","561a0609-652d-4b9e-9bd0-19ea094a0244","","12688332","","","983e99b8-a578-ed11-81ad-000d3adf7250"
"1","0","Denied","Geweigerd","5de6b6d8-574f-4aa5-bb1e-7eaa6c20ac11","","12688331","","","983e99b8-a578-ed11-81ad-000d3adf7250"
"1","0","Approved","Goedgekeurd","78d27a91-d60e-4c75-87e9-5a91b3e85764","","12688330","","","983e99b8-a578-ed11-81ad-000d3adf7250"
"1","0","Submitted","Ingediend","1e8117be-8866-4252-a1b1-45c68d595b78","","12688329","","","983e99b8-a578-ed11-81ad-000d3adf7250"
"1","0","Concept","Concept","4d30f430-484e-46b7-bfdc-00ee7019f061","","12688328","","","983e99b8-a578-ed11-81ad-000d3adf7250"
